企业网站模板|ASP企业网站模板|网站模板下载|免费企业网站模板|网站模板-源码超市www.tuku99.cn,http://www.tuku99.cn/
源码超市大全的店铺 - 互站网,https://www.huzhan.com/ishop708/
爱源码 - 爱源码交易-asp源码下载-php商城网站-企业影视整站模板,https://www.php-asp.net/m/
503错误 网站服务暂时无法访问,http://www.verysource.com/cate_shop-supermarket-software-system/
源码市场 - 源码交易平台,https://yuanma.a5.net/m/
源码商城-pbootcms模板-专业网站模板源码交易网,http://www.365ymw.com/
"成熟源码,软件开发,聆云市场-成熟源码交易市场-聪聆无比",http://www.code7z.com/
源码集市 - 互站网,https://www.huzhan.com/code/
源码交易平台_网站源码_商城源码_小程序源码平台-七爪网,https://www.7claw.com/
源码码网 - 源码交易_网站交易_源码商城_虚拟资源交易平台,https://www.ymama.net/m/
源码出售_源码下载_源码市场_商业源码交易平台 - 源码码网,https://www.ymama.net/product/search_j1v.html
Just a moment...,https://www.daycode.net/wzpt/wm_wxpt
"小程序源码,微信小程序源码-精准像素",https://www.11px.cn/code/weixin/
小程序源码 - 云创源码,https://www.loowp.com/weiqing
"微信小程序源码下载,小程序源码-HTML源码网",https://www.uihtm.com/wxapp/
APP功能源代码免费下载_项目|应用|软件|程序_APICloud开源源代码,https://www.apicloud.com/source_code
"APP源码,成品app直播源码搭建,社交app源码-精品源码资源网",https://www.eq.tj.cn/code/app
APP源码 - 资源e站,http://www.zye.cc/tag/app
麻将源码出售的店铺 - 互站网,https://www.huzhan.com/ishop10815/
寄售商城源码出售，提供源码，支持二次开发,https://www.93smw.com/gongying/show-606121.html
,https://www.mafabu.com/
免费网站源码_免费游戏源码_源码免费下载-小优源码资源网,https://www.gzsxxsm.com/
游戏源码_免费下载 Unity3d|U3d|Cocos2d|手游|页游 - 爱给网,https://www.aigei.com/game-code/
游戏源码-手游资源站,https://www.empa.cc/yxym
游戏源码_游戏源码_源码下载_源空间,http://www.asp800.com/list/30_1.html
游戏源码 - 手游源码 - 服务端 - 一键端 - 架设教程 - 源码编译 - 教SF论坛,https://www.jiaosf.com/
游戏源码_手游源码下载资源网 - 站长源码网(Downzz.com),https://www.downzz.com/zzyouxi/
