超市管理系统源码 超市进销存管理系统源码,https://baijiahao.baidu.com/s?id=1735501284870883081&wfr=spider&for=pc
企业网站模板|ASP企业网站模板|网站模板下载|免费企业网站模板|网站模板-源码超市www.tuku99.cn,http://www.tuku99.cn/
三步教你开发零售互联网超市app源码,https://baijiahao.baidu.com/s?id=1738880961741696204&wfr=spider&for=pc
现在你也可以根据生鲜超市app源码设计一个自己的超市APP,https://baijiahao.baidu.com/s?id=1737510991585168655&wfr=spider&for=pc
超市管理系统完整+源代码 - 百度文库,https://wenku.baidu.com/view/12f4a8e8551810a6f52486f8.html
源码超市大全的店铺 - 互站网,https://www.huzhan.com/ishop708/
源码超市网站源码-源码超市网站源码文档介绍内容-阿里云,https://www.aliyun.com/sswd/1401648-1.html
爱源码 - 爱源码交易-asp源码下载-php商城网站-企业影视整站模板,https://www.php-asp.net/m/
爱源码 - 爱源码交易-asp源码下载-php商城网站-企业影视整站模板,https://www.php-asp.net/m/
超市管理系统源码 超市进销存管理系统源码,https://baijiahao.baidu.com/s?id=1735501284870883081&wfr=spider&for=pc
三步教你开发零售互联网超市app源码,https://baijiahao.baidu.com/s?id=1738880961741696204&wfr=spider&for=pc
现在你也可以根据生鲜超市app源码设计一个自己的超市APP,https://baijiahao.baidu.com/s?id=1737510991585168655&wfr=spider&for=pc
503错误 网站服务暂时无法访问,http://www.verysource.com/cate_shop-supermarket-software-system/
源码市场 - 源码交易平台,https://yuanma.a5.net/m/
源码商城-pbootcms模板-专业网站模板源码交易网,http://www.365ymw.com/
超市系统源代码C语言 - CSDN,https://www.csdn.net/tags/NtTakg0sMDQ3ODEtYmxvZwO0O0OO0O0O.html
在线购物商城源码：针对超市便利店等零售批发实体店的周边配送 - 哔哩哔哩,https://www.bilibili.com/read/cv17267091
企业网站模板|ASP企业网站模板|网站模板下载|免费企业网站模板|网站模板-源码超市www.tuku99.cn,http://www.tuku99.cn/
源码超市大全的店铺 - 互站网,https://www.huzhan.com/ishop708/
"成熟源码,软件开发,聆云市场-成熟源码交易市场-聪聆无比",http://www.code7z.com/
BOSS直聘-找工作我要跟老板谈！招聘求职找工作！,https://www.zhipin.com/web/user/safe/verify-slider?u=IA~~&callbackUrl=http%3A%2F%2Fwww.zhipin.com%2Fzhaopin%2Fac43cadd2c3ae8af1nx-09q0Ew~~%2F&p=Jf1Y7m6oQ3MeRHEx
通达信指标公式源码 市场情绪副图指标 - 百度文库,https://wenku.baidu.com/view/1d8c7532dd80d4d8d15abe23482fb4daa48d1d5c.html
直播源码为何深受市场欢迎,https://baijiahao.baidu.com/s?id=1731044775055171952&wfr=spider&for=pc
"跳蚤市场（源码）.zip_跳蚤市场源代码html,跳蚤市场源码-行业研究文档类资源-CSDN文库",https://download.csdn.net/download/weixin_49012742/51361573
Just a moment...,https://www.daycode.net/9420.html
物业源码app物业管理源码物业源码 - 百度文库,https://wenku.baidu.com/view/7d585dcb0a75f46527d3240c844769eae009a3a4.html
离职员工顺走源代码的4大目的,https://baijiahao.baidu.com/s?id=1716842311626668199&wfr=spider&for=pc
系统源码-系统源码批发价格、市场报价、厂家供应 - 百度爱采购,https://b2b.baidu.com/slist/70601a6f000578617512067c047a1d7d0b22
源码集市 - 互站网,https://www.huzhan.com/code/
互站网 - 国内知名的网站交易、源码交易、域名交易服务中心,https://www.huzhan.com/
源码交易平台_网站源码_商城源码_小程序源码平台-七爪网,https://www.7claw.com/
,https://www.t8x.com/
Welcome to nginx!,http://hfwbq.com/
Welcome to nginx!,http://www.gou600.com/
源码码网 - 源码交易_网站交易_源码商城_虚拟资源交易平台,https://www.ymama.net/m/
源码码网 - 源码交易_网站交易_源码商城_虚拟资源交易平台,https://www.ymama.net/m/
源码集市 - 互站网,https://www.huzhan.com/code/
源码出售_源码下载_源码市场_商业源码交易平台 - 源码码网,https://www.ymama.net/product/search_j1v.html
100个2022实用微信小程序源码分享_XDYM_的博客-CSDN博客_小程序源码,https://blog.csdn.net/XDYM_/article/details/122881081
100个2022实用微信小程序源码分享_XDYM_的博客-CSDN博客_小程序源码,https://blog.csdn.net/XDYM_/article/details/122881081
小程序源码大全 - CSDN,https://www.csdn.net/tags/MtzaAg0sNDA5MjQtYmxvZwO0O0OO0O0O.html
微信小程序源码下载-脚本之家,https://www.jb51.net/codes/wx.html
72款行业微信小程序源码及功能,https://baijiahao.baidu.com/s?id=1710527095212623018&wfr=spider&for=pc
Just a moment...,https://www.daycode.net/wzpt/wm_wxpt
"小程序源码,微信小程序源码-精准像素",https://www.11px.cn/code/weixin/
小程序源码 - 云创源码,https://www.loowp.com/weiqing
"微信小程序源码下载,小程序源码-HTML源码网",https://www.uihtm.com/wxapp/
APP功能源代码免费下载_项目|应用|软件|程序_APICloud开源源代码,https://www.apicloud.com/source_code
吊炸天！74款APP完整源码！ - 百度文库,https://wenku.baidu.com/view/ca5697862b4ac850ad02de80d4d8d15abe2300e9.html
"APP源码,成品app直播源码搭建,社交app源码-精品源码资源网",https://www.eq.tj.cn/code/app
完整APP项目源码（含服务）-APP搜索功能 - 百度文库,https://wenku.baidu.com/view/eeb7ed68fd4733687e21af45b307e87101f6f89e.html
分享各行业30款完整APP、小程序、智慧系统源码,https://baijiahao.baidu.com/s?id=1692739865180581674&wfr=spider&for=pc
短视频APP源码，一套完整的短视频源码解决方案,https://baijiahao.baidu.com/s?id=1683120055381596592&wfr=spider&for=pc
最新软件库APP源码前端+后端整套独立后台,https://baijiahao.baidu.com/s?id=1729914490577024646&wfr=spider&for=pc
Android开源git40个App源码_林中轩的博客-CSDN博客_android软件源码,https://blog.csdn.net/andyliulin/article/details/79436865
app源码下载_android 源码下载_免费-php中文网源码,https://www.php.cn/xiazai/code/app
APP源码 - 资源e站,http://www.zye.cc/tag/app
源码集市 - 互站网,https://www.huzhan.com/code/
麻将源码出售的店铺 - 互站网,https://www.huzhan.com/ishop10815/
网站源码买卖的暴利项目，低成本撬动高利润,https://baijiahao.baidu.com/s?id=1722438253936975985&wfr=spider&for=pc
在哪里卖源码比较好呢？,https://baijiahao.baidu.com/s?id=1716460807830620604&wfr=spider&for=pc
源码出售的难点在哪里,https://baijiahao.baidu.com/s?id=1716460975272920826&wfr=spider&for=pc
,http://www.haomaner.com/1580.html
寄售商城源码出售，提供源码，支持二次开发,https://www.93smw.com/gongying/show-606121.html
什么都没找到,https://www.bilibili.com/read/error
,https://www.mafabu.com/
源码出售 - 知乎,https://zhuanlan.zhihu.com/p/370969234
源码出售 - 知乎,https://zhuanlan.zhihu.com/p/370969234
免费网站源码_免费游戏源码_源码免费下载-小优源码资源网,https://www.gzsxxsm.com/
免费网站源码_免费游戏源码_源码免费下载-小优源码资源网,https://www.gzsxxsm.com/
游戏源码_免费下载 Unity3d|U3d|Cocos2d|手游|页游 - 爱给网,https://www.aigei.com/game-code/
游戏源码-手游资源站,https://www.empa.cc/yxym
游戏源码_游戏源码_源码下载_源空间,http://www.asp800.com/list/30_1.html
游戏源码 - 手游源码 - 服务端 - 一键端 - 架设教程 - 源码编译 - 教SF论坛,https://www.jiaosf.com/
游戏源码 - 手游源码 - 服务端 - 一键端 - 架设教程 - 源码编译 - 教SF论坛,https://www.jiaosf.com/
游戏源码_手游源码下载资源网 - 站长源码网(Downzz.com),https://www.downzz.com/zzyouxi/
