站长商城 - 正版源码、软件购买商城,https://mall.chinaz.com/m/
奇趣源码商城 - 国内最大的源码、教程、有声读物、电子资源等交易服务中心,http://www.qiqucode.com/
开源源码商城系统盘点_程序员阿钟呀的博客-CSDN博客_开源商城,https://blog.csdn.net/u010971922/article/details/125661831
源码商城,http://www.taojava.cn/
源码商城,http://www.taojava.cn/
源码交易平台_网站源码_商城源码_小程序源码平台-七爪网,https://www.7claw.com/
国内外知名源码商城系统盘点 - 知乎,https://zhuanlan.zhihu.com/p/543824744
源码商城-pbootcms模板-专业网站模板源码交易网,http://www.365ymw.com/
"10万源码商城,商业源码网 - 门户网站源码,分类信息源码,医院网站源码,企业网站源码,php源码,asp源码,net源码,电子商务源码等各类网站源码以及最新破解源码和VIP源码,",http://www.w-share.com/
源码_网站源码_源码下载_源码之家 - 站长源码,https://down.chinaz.com/
超市管理系统源码 超市进销存管理系统源码,https://baijiahao.baidu.com/s?id=1735501284870883081&wfr=spider&for=pc
三步教你开发零售互联网超市app源码,https://baijiahao.baidu.com/s?id=1738880961741696204&wfr=spider&for=pc
现在你也可以根据生鲜超市app源码设计一个自己的超市APP,https://baijiahao.baidu.com/s?id=1737510991585168655&wfr=spider&for=pc
(店铺管理)超市管理系统完整+源代码最全版 - 百度文库,https://wenku.baidu.com/view/60c3b7f5abea998fcc22bcd126fff705cc175ca7.html
源码超市大全的店铺 - 互站网,https://www.huzhan.com/ishop708/
源码超市网站源码-源码超市网站源码文档介绍内容-阿里云,https://www.aliyun.com/sswd/1401648-1.html
爱源码 - 爱源码交易-asp源码下载-php商城网站-企业影视整站模板,https://www.php-asp.net/m/
,http://www.java123456.com/
,http://www.java123456.com/
首页 · 源码市场,http://codeing.vip-admin.com/
直播源码为何深受市场欢迎,https://baijiahao.baidu.com/s?id=1731044775055171952&wfr=spider&for=pc
通达信指标公式源码 市场情绪副图指标 - 百度文库,https://wenku.baidu.com/view/3ba47143a75177232f60ddccda38376baf1fe0e8.html
离职员工顺走源代码的4大目的,https://baijiahao.baidu.com/s?id=1716842311626668199&wfr=spider&for=pc
vscodethemes：从VSCode市场预览主题_vscode主题预览-Typescript代码类资源-CSDN文库,https://download.csdn.net/download/weixin_42138408/15096876
系统源码-系统源码批发价格、市场报价、厂家供应 - 百度爱采购,https://b2b.baidu.com/slist/70601a6f000578617512067c047a1d7d0b22
完整直播带货软件源码有吗？_HiMall,https://www.hishop.com.cn/himall/show_95997.html
MBA：市场篮子分析-其它代码类资源-CSDN文库,https://download.csdn.net/download/weixin_42115074/15100424
51Aspx源码服务专家|- 51Aspx.com,https://www.51aspx.com/
"源码购买,领先的正版网站源码商城 - 源市场",https://www.yuanshichang.com/
源码交易平台_网站源码_商城源码_小程序源码平台-七爪网,https://www.7claw.com/
T8源码网 - 源码免费下载-全国最大的源码交易网站,https://www.t8x.com/
T8源码网 - 源码免费下载-全国最大的源码交易网站,https://www.t8x.com/
源码码网 - 源码交易_网站交易_源码商城_虚拟资源交易平台,https://www.ymama.net/m/
源码码网 - 源码交易_网站交易_源码商城_虚拟资源交易平台,https://www.ymama.net/m/
源码出售_源码下载_源码市场_商业源码交易平台 - 源码码网,https://www.ymama.net/product/search_j1v.html
Welcome to nginx!,http://www.gou600.com/
Welcome to nginx!,http://www.gou600.com/
Welcome to nginx!,http://www.gou600.com/
无 源码集市 - 互站网,https://www.huzhan.com/code/menu/%4040_56
Welcome to nginx!,http://www.yuanmaw.com/
,https://task.a5.cn/goodslist-page-10.html
源码集市 - 易编远航,http://www.yuanhangjy.com/tuan.html
T8源码网 - 源码免费下载-全国最大的源码交易网站,https://www.t8x.com/
,http://www.coder100.com/index/index/content/id/1070981
JavaMall【官网】Java电商技术首选平台：– 基于JAVA的极速开发框架 易于学习 源码授权 文档完整 架构先进 sprinboot redis,http://www.javamall.com/
源码集市/源码类型 - 腾网,http://www.tenwang.com/product/search_j73v_k81v_f4v_e43_49v_e63_73v_e74_75v_e53_60v_n153v_o15312v_q1531202v.html
源码集市/源码类型 - 腾网,http://www.tenwang.com/product/search_j73v_k81v_f4v_e43_49v_e63_73v_e74_75v_e53_60v_n153v_o15312v_q1531202v.html
2022年微信小程序源码130个分享_zhichina的博客-CSDN博客_微信小程序源码,https://blog.csdn.net/zhichina/article/details/125039456
Just a moment...,https://www.daycode.net/wzpt/wm_wxpt
微信小程序源码合集（免费） - 百度文库,https://wenku.baidu.com/view/abe8bff675eeaeaad1f34693daef5ef7ba0d126b.html
72款行业微信小程序源码及功能,https://baijiahao.baidu.com/s?id=1710527095212623018&wfr=spider&for=pc
70多个小程序的源代码分享，练手刚刚好,https://baijiahao.baidu.com/s?id=1697986928624787891&wfr=spider&for=pc
100个2022实用微信小程序源码分享_XDYM_的博客-CSDN博客_小程序源码,https://blog.csdn.net/XDYM_/article/details/122881081
100个2022实用微信小程序源码分享_XDYM_的博客-CSDN博客_小程序源码,https://blog.csdn.net/XDYM_/article/details/122881081
100个2022实用微信小程序源码分享_XDYM_的博客-CSDN博客_小程序源码,https://blog.csdn.net/XDYM_/article/details/122881081
推荐8个小程序源码,https://baijiahao.baidu.com/s?id=1700001294615354329&wfr=spider&for=pc
狂团源码商城-海量精品正版源码团购价很省钱！ - 狂团,https://www.kt8.cn/m/
网站开发源码商城系统的作用,https://baijiahao.baidu.com/s?id=1736395515648224058&wfr=spider&for=pc
商城源码商城源码_商城源码-互联网代码类资源-CSDN文库,https://download.csdn.net/download/qq_31949847/10872017
在线购物商城项目源码建设开发 第一篇,https://baijiahao.baidu.com/s?id=1738953390423731610&wfr=spider&for=pc
JAVA在线购物B2C商城源码,https://baijiahao.baidu.com/s?id=1732069072986102590&wfr=spider&for=pc
B2B2C多用户商城系统源码 Java商城源码_weixin_54944574的博客-CSDN博客_二类电商源码,https://blog.csdn.net/weixin_54944574/article/details/123798054
php网上商城源码,https://www.dede58.com/moban/wsscym.html
【源码商城】源码商城品牌、价格 - 阿里巴巴,https://www.1688.com/huo/b-D4B4C2EBC9CCB3C7.html
站长商城 - 正版源码、软件购买商城,https://mall.chinaz.com/m/
超市管理系统源码 超市进销存管理系统源码,https://baijiahao.baidu.com/s?id=1735501284870883081&wfr=spider&for=pc
三步教你开发零售互联网超市app源码,https://baijiahao.baidu.com/s?id=1738880961741696204&wfr=spider&for=pc
现在你也可以根据生鲜超市app源码设计一个自己的超市APP,https://baijiahao.baidu.com/s?id=1737510991585168655&wfr=spider&for=pc
(店铺管理)超市管理系统完整+源代码最全版 - 百度文库,https://wenku.baidu.com/view/60c3b7f5abea998fcc22bcd126fff705cc175ca7.html
源码超市大全的店铺 - 互站网,https://www.huzhan.com/ishop708/
源码超市网站源码-源码超市网站源码文档介绍内容-阿里云,https://www.aliyun.com/sswd/1401648-1.html
爱源码 - 爱源码交易-asp源码下载-php商城网站-企业影视整站模板,https://www.php-asp.net/m/
源码商城,http://www.java123456.com/
源码商城,http://www.java123456.com/
首页 · 源码市场,http://codeing.vip-admin.com/
直播源码为何深受市场欢迎,https://baijiahao.baidu.com/s?id=1731044775055171952&wfr=spider&for=pc
通达信指标公式源码 市场情绪副图指标 - 百度文库,https://wenku.baidu.com/view/3ba47143a75177232f60ddccda38376baf1fe0e8.html
离职员工顺走源代码的4大目的,https://baijiahao.baidu.com/s?id=1716842311626668199&wfr=spider&for=pc
vscodethemes：从VSCode市场预览主题_vscode主题预览-Typescript代码类资源-CSDN文库,https://download.csdn.net/download/weixin_42138408/15096876
系统源码-系统源码批发价格、市场报价、厂家供应 - 百度爱采购,https://b2b.baidu.com/slist/70601a6f000578617512067c047a1d7d0b22
完整直播带货软件源码有吗？_HiMall,https://www.hishop.com.cn/himall/show_95997.html
MBA：市场篮子分析-其它代码类资源-CSDN文库,https://download.csdn.net/download/weixin_42115074/15100424
MBA：市场篮子分析-其它代码类资源-CSDN文库,https://download.csdn.net/download/weixin_42115074/15100424
MBA：市场篮子分析-其它代码类资源-CSDN文库,https://download.csdn.net/download/weixin_42115074/15100424
超市管理系统源码 超市进销存管理系统源码,https://baijiahao.baidu.com/s?id=1735501284870883081&wfr=spider&for=pc
三步教你开发零售互联网超市app源码,https://baijiahao.baidu.com/s?id=1738880961741696204&wfr=spider&for=pc
现在你也可以根据生鲜超市app源码设计一个自己的超市APP,https://baijiahao.baidu.com/s?id=1737510991585168655&wfr=spider&for=pc
(店铺管理)超市管理系统完整+源代码最全版 - 百度文库,https://wenku.baidu.com/view/60c3b7f5abea998fcc22bcd126fff705cc175ca7.html
源码超市大全的店铺 - 互站网,https://www.huzhan.com/ishop708/
源码超市网站源码-源码超市网站源码文档介绍内容-阿里云,https://www.aliyun.com/sswd/1401648-1.html
爱源码 - 爱源码交易-asp源码下载-php商城网站-企业影视整站模板,https://www.php-asp.net/m/
爱源码 - 爱源码交易-asp源码下载-php商城网站-企业影视整站模板,https://www.php-asp.net/m/
源码商城,http://www.taojava.cn/
