肯德基手机网,http://m.kfc.com.cn/
KFC肯德基优惠券9月、10月、11月（有效期至9月30日）,http://www.pinkecity.com/kfc.html
肯德基优惠券怎么领取 - 飞秒生活,https://m.feimiao.cn/shuma/121878.html
"肯德基优惠券,kfc优惠券,肯德基优惠券手机版,最新2020年6月,7月,8月麦当劳优惠券,必胜客优惠券等电子优惠券免费下载打印 - 嘻嘻网!",http://kfc.xixik.com/
肯德基优惠券12月特惠-券妈妈,http://www.quanmama.com/quan_kfc/zhuanti92927.html
小红书,https://www.xiaohongshu.com/web-login/canvas?redirectPath=http%3A%2F%2Fwww.xiaohongshu.com%2Fdiscovery%2Fitem%2F63065b9b000000001b0264c7
"全家桶59元,周一见!再赢免单!_活动_肯德基_优惠券",http://news.sohu.com/a/578927815_121411004
肯德基优惠券大全-券妈妈,http://www.quanmama.com/kfc/zhuanti84041.html
"肯德基优惠活动,肯德基最新促销活动 - 电子优惠券门户 - 嘻嘻网",http://shopping.xixik.com/kfc/
"肯德基优惠券自由组合打印,肯德基优惠券打印,自由排版组合打印所需KFC电子优惠券 - 5iKFC电子优惠券",http://www.5ikfc.com/custom/kfc.php
"肯德基早餐菜单价格,肯德基餐厅早餐的价格表,KFC早餐菜单一览-5iKFC电子优惠券",http://www.5ikfc.com/kfc/menu/Breakfast
肯德基APP,http://www.kfc.com.cn/kfccda/downloadapp.html
"肯德基优惠券,KFC优惠券,肯德基手机优惠券,肯德基优惠券手机版-券妈妈",http://kfc.quanmama.com/
肯德基优惠券，低至5折优惠券，全国通用 | 券老大,https://www.quanlaoda.com/team/41152.html
我爱KFC - 肯德基优惠券手机版，肯德基手机优惠券 - 爱肯德基,http://aikfc.com/
优惠福利 || 肯德基这么吃，一个月能省好多钱！_白马晶_结算_方式,https://www.sohu.com/a/580087683_120700692
肯德基最新优惠券领取_肯德基2021年2月凭肯德基优惠券10元 - 丁丁打折网,https://www.dddazhe.cn/code-view-id-14063.html?bookID=674205315.xls
KFC肯德基宅急送天天1元-官网订餐满即可享优惠活动-肯德基宅急送外卖网上订餐官网,http://www.4008823823.com.cn/kfcios/Html/RMB1menu.html?gclid=CNH6y5n4l9cCFV0GKgod8gwDmw
2022最新KFC肯德基優惠券免費拿！超值套餐、多人餐折扣、激省雙人餐。,https://www.pkstep.com/archives/60428
肯德基2021最新优惠券领取方法！肯德基2021新年半价桶优惠券-IT搜购网,http://dcdv.itsogo.net/syfb/365962.html
2022肯德基早餐套餐价格表（优惠购买+套餐介绍+使用时间）_大河票务网,https://www.dahepiao.com/lvyounews1/20220512271371.html
Sina Visitor System,https://passport.weibo.com/visitor/visitor?entry=miniblog&a=enter&url=https%3A%2F%2Fs.weibo.com%2Fweibo%2F%25E8%2582%25AF%25E5%25BE%25B7%25E5%259F%25BA%25E4%25BC%2598%25E6%2583%25A0%25E5%258D%25B7%3Ftypeall%3D1%26suball%3D1&domain=.weibo.com&sudaref=&ua=php-sso_sdk_client-0.6.29&_rand=1661766952.7517
微博搜索,https://s.weibo.com/weibo/%E8%82%AF%E5%BE%B7%E5%9F%BA%E4%BC%98%E6%83%A0%E5%8D%B7?typeall=1&suball=1
KFC QuickPon | 肯德基 優惠券快選,https://kfc.2dim.space/
"肯德基五一快乐畅选桶，2022年5月KFC优惠券活动,kfc五一桶,肯德基51桶-肯德基",http://m.sxqq.com/dazhe/info/?id=5651
肯德基支付优惠2.5折部分地区有,https://weibo.com/ttarticle/p/show?id=2309404691589577704223
5折起！KFC肯德基优惠点单上线了！买它！_腾讯新闻,https://new.qq.com/rain/a/20210930a0gzvs00
"2022年肯德基KFC优惠券,肯德基KFC优惠券免费领取,肯德基KFC优惠券2022_一起领券网领先的免费优惠券领取平台[176quan.com]",http://www.176quan.com/quan_kfc
"2022年肯德基KFC优惠券,肯德基KFC优惠券免费领取,肯德基KFC优惠券2022_一起领券网领先的免费优惠券领取平台[176quan.com]",http://www.176quan.com/quan_kfc
"肯德基优惠券2022年8月9月10月特惠打印版本,彩色打印所有可用KFC优惠券-5iKFC电子优惠券",http://coupon.5ikfc.com/kfc/
KFC肯德基活动（免费领拿铁咖啡+蛋挞）-拔草哦国内优惠频道,http://youhui.bacaoo.com/p/20849
肯德基宅急送外卖网上订餐官网-KFC优惠套餐-外送菜单-送餐网,https://www.4008823823.com.cn/
肯德基优惠券 肯德基下午茶优惠活动福利_优惠风暴网,https://www.yoohfb.cn/meishi/kfc/41240922.html
腾讯新闻,https://view.inews.qq.com/a/20210606V03WDA00
肯德基生日券怎么领取 半价桶优惠券获得方法一览_53货源网,https://www.53shop.com/news/129/kes129657.html
KFC QuickPon | 肯德基 優惠券快選,https://kfc.2dim.space/
肯德基官方网站 - Welcome to KFC.com.cn,http://www.kfc.com.cn/kfccda/
肯德基其他零食_KFC 肯德基 30份香辣鸡翅(2块装) 兑换券多少钱-什么值得买,https://www.smzdm.com/p/41698304/
肯德基优惠券11-券妈妈,http://www.quanmama.com/TagGroup/%E8%82%AF%E5%BE%B7%E5%9F%BA%E4%BC%98%E6%83%A0%E5%88%B811
KFC 肯德基 黄金脆皮鸡（1块装）买1送1 兑换券多少钱-什么值得买,https://www.smzdm.com/p/35889879/
,https://mp.weixin.qq.com/s?__biz=MjM5MzIyNDEwMA==&mid=2650553385&idx=2&sn=337ecf8fda795213ea0b04e9c96951e4&chksm=be92d8e289e551f4b027310b5cb2a7bc7d0736e7fefa16030b2e215546d721cab189d8ee0960&scene=27
9.9元速抢KFC权益折扣年卡！200+款品类、全国7000+门店通用！_肯德基_优惠_福利,https://www.sohu.com/a/552050227_121124643
Just a moment...,https://xianhuo.org/kfc-kendeji-shengqiangonglue.html
肯德基打折-淘宝特价-优惠活动-券站长,http://www.admin521.com/k/%E8%82%AF%E5%BE%B7%E5%9F%BA/
【限时特惠】9.9抢肯德基折扣年卡，全国门店通用，用一次就回本！,http://oppo1.yidianzixun.com/article/0htATCeu
肯德基折扣权益年卡使用规则及办理网址-大河票务网,https://m.dahepiao.com/news/20220325262008.html
9.9抢肯德基折扣年卡，全国门店通用，用一次就回本！_权益_套餐_优惠券,https://www.sohu.com/a/553242294_121123845
9.9元抢肯德基折扣权益年卡！全国通用，吃一次就回本！_大河票务网,https://www.dahepiao.com/lvyounews1/20210120184406.html
【限时特惠】9.9抢肯德基折扣年卡，全国门店通用，用一次就回本！,http://oppo2.yidianzixun.com/article/0htATCeu?appid=oppobrowser
,https://mp.weixin.qq.com/s?__biz=MzI0ODIwNDQ0OQ==&mid=2664646545&idx=2&sn=b3135a95a752988907973605b56a9de8&chksm=f283ba5fc5f4334985bf2152d445e8e472645f2ccd2e4880e93a700ac74d3e501c0a3f720f20&scene=27
【限时特惠】9.9抢肯德基折扣年卡，全国门店通用，用一次就回本！_权益_套餐_优惠券,https://www.sohu.com/a/568879058_121124209
9.9元肯德基权益年卡，全年无限次使用，4折起就能get！,https://app.myzaker.com/news/article.php?ivk_sa=1024320u&pk=609e7c9cb15ec039907fc07f
滑块验证,https://www.xiaohongshu.com/website-login/captcha?redirectPath=http%3A%2F%2Fwww.xiaohongshu.com%2Fdiscovery%2Fitem%2F62f6e66400000000080137db
肯德基怎么点最省钱？肯德基怎么买划算 - 希财网,https://www.csai.cn/licai/1303951.html
验证中心,https://verify.meituan.com/v2/web/general_page?action=spiderindefence&requestCode=cb4aa209902b4545b163e2ff88fd9422&platform=1000&adaptor=auto&succCallbackUrl=https%3A%2F%2Foptimus-mtsi.meituan.com%2Foptimus%2FverifyResult%3ForiginUrl%3Dhttp%253A%252F%252Fwww.dianping.com%252Freview%252F144474064&theme=dianping
,https://www.yooyo.com/ticket/42298.html
快团团虚假宣传 肯德基权益折扣年卡_黑猫投诉_新浪网,https://tousu.sina.com.cn/complaint/view/17358781776/
原来牛人团长都是这么带货的？怪不得我卖不动_腾讯新闻,https://new.qq.com/rain/a/20220802A06N6Z00
"肯德基KFC自助点餐优惠码,肯德基KFC自助点餐折扣码,最新2022年肯德基KFC自助点餐优惠券,肯德基KFC自助点餐促销代码免费领取|海淘优惠码网",http://www.htyhm.com/coupon_kfcdc
如何用骑士卡在肯德基打折 - 简明百科,http://www.yuexw.com/a/3064192/
肯德基半价桶折扣券怎么领取-肯德基半价桶折扣券领取方法--澳鸟资讯平台-图文看天下生活新闻网,http://movie.eooele.com/more/tuwen/640941.html
重庆最新肯德基、麦当劳、必胜客、DQ优惠券（6月已更新）-餐馆折扣-美食俱乐部-重庆购物狂,https://go.cqmmgo.com/forum-174-thread-757856-1-1.html
2022最新KFC肯德基優惠券免費拿！超值套餐、多人餐折扣、激省雙人餐。,https://www.pkstep.com/archives/60428
"肯德基｜周日开拼!低至5折,多拼多折扣!_手机搜狐网",https://m.sohu.com/a/580141316_121326209/
"【一周美食折扣爆料】1月肯德基,麦当劳,汉堡王,必胜客优惠券！人手一份，出示即用！ - 好吃佬 - 得意生活-武汉生活消费社区",http://www.deyi.com/thread-10267604-1-1.html
肯德基80周年半价桶折扣券领取地址和使用方法 - 新星评测网,http://www.whpchb.com/pingce/27260.html
今日支付宝肯德基优惠券怎么用（支付宝肯德基优惠券怎么领）_环球商界网,https://www.ncfl.org.cn/keji/202207/103885.html
吃肯德基KFC怎么使用支付宝付款顺便打个8.8折？_手机软件_软件教程_脚本之家,https://www.jb51.net/softjc/367480.html
支付宝肯德基优惠券领取使用教程_当客下载站,https://www.downkr.com/news/13515_1.html
支付宝肯德基优惠券领取使用教程_当客下载站,https://www.downkr.com/news/13515_1.html
支付宝肯德基优惠券领取使用教程_当客下载站,https://www.downkr.com/news/13515_1.html
"肯德基 | 天猫双11燃力疯抢,全场不止5折- 广州本地宝",http://gz.bendibao.com/tour/20191028/255565.shtm
支付宝肯德基优惠券怎么领？支付宝钱包肯德基付款可享8.8折优惠_手机软件_软件教程_脚本之家,https://www.jb51.net/softjc/359320.html
肯德基最新优惠券去哪领？免费领取方式就在这！ - 餐饮美食券 - 线报惠,https://m.xkzdai.com/article-2751-1.html
