抖音12345678,￥2000,2022-08-22 12:49,https://demand.huzhan.com/17871/
8000求购仿比心语音房源码,￥8000,2022-08-21 17:18,https://demand.huzhan.com/12207/
求购Nft数字藏品源码,￥10000,2022-08-21 17:17,https://demand.huzhan.com/17721/
简单农场种植游戏，UI不要求，实现流程即可,￥2000,2022-08-21 14:43,https://demand.huzhan.com/17845/
openim 即时通讯  源代码,￥2000,2022-08-20 17:09,https://demand.huzhan.com/17862/
搭建仿爱聊APP 差不多就可以,￥2500,2022-08-20 14:14,https://demand.huzhan.com/17869/
usdt授权系统ｕsdt划扣能做的来,@议价,2022-08-20 11:45,https://demand.huzhan.com/17868/

云豹直播双端二开功能,￥10,,https://task.huzhan.com/41829/
快手直播间人气协议（99）快手粉丝,￥1000 - 5000,,https://task.huzhan.com/41828/
模仿一个安卓小说应用,￥10000,,https://task.huzhan.com/41827/
票源监控系统脚本监控票,￥8000 - 13000,,https://task.huzhan.com/41825/
订单支付对接 php,￥200 - 300,,https://task.huzhan.com/41824/
解决域名被墙恢复正常访问,￥100 - 300,,https://task.huzhan.com/41822/
游戏盲盒系统 支持卡密发货和实物发货,￥1000 - 2000,,https://task.huzhan.com/41819/
DZ论坛跳出连接无法统计,￥200,,https://task.huzhan.com/41818/
歪歪漫画程序自动注册卡住修复,￥66,,https://task.huzhan.com/41817/
反编译一个J2me程序,￥100 - 200,,https://task.huzhan.com/41816/
开发一套类似于在线KTV的系统，以前那种酷狗KTV,￥500 - 5000,,https://task.huzhan.com/41815/
抖音作品区【指定评论】点赞协议软件,￥1000 - 10000,,https://task.huzhan.com/41814/
体育比赛直播需求开发,￥3000,,https://task.huzhan.com/41811/
寻找美女体育直播APP系统，是Uniapp开发,￥10000 - 50000,,https://task.huzhan.com/41807/
asp脚本修复修改会asp来,￥500 - 800,,https://task.huzhan.com/41806/
QQ自动回复脚本软件开发,￥300,,https://task.huzhan.com/41804/
仿制这个页面仿制这个页面仿制这个页面,￥100 - 10000,,https://task.huzhan.com/41803/
页游枪魂游戏开发一些省时间的脚本,￥1000 - 2000,,https://task.huzhan.com/41802/
香港频道转播可以做的在看,￥1000 - 3000,,https://task.huzhan.com/41801/
"批量注册苹果id,批量激活苹果id",￥5688,,https://task.huzhan.com/41800/
协议版过滤苹果蓝号软件,￥18888,,https://task.huzhan.com/41799/
nft数字藏品平台二开，ui修改,￥10000,,https://task.huzhan.com/41798/
支付通道添加YY，momi账户,￥50,,https://task.huzhan.com/41795/
商城日常维护与部分细节调整,￥3000 - 5000,,https://task.huzhan.com/41794/
抓取淘宝逛逛  指定作品，增加作品阅读次数接口，进店次数。协议,￥1000 - 5000,,https://task.huzhan.com/41793/

易优eyoucms模版 建筑材料石材板材网站模板,30,分类：其他/PHP/Mysql,https://www.huzhan.com/code/goods433762.html
易优eyoucms模版 响应式家居床垫家纺产品网站模板,30,分类：其他/PHP/Mysql,https://www.huzhan.com/code/goods433761.html
易优eyoucms模版 响应式精品陶瓷餐具网站模板,30,分类：其他/PHP/Mysql,https://www.huzhan.com/code/goods433760.html
易优eyoucms模版 响应式智能卫浴产品网站模板,30,分类：其他/PHP/Mysql,https://www.huzhan.com/code/goods433759.html
易优eyoucms模版 响应式实木品牌家具网站模板,30,分类：其他/PHP/Mysql,https://www.huzhan.com/code/goods433758.html
易优eyoucms模版 响应式木材板材公司模板,30,分类：其他/PHP/Mysql,https://www.huzhan.com/code/goods433757.html
易优eyoucms模版 响应式陶瓷器皿餐具网站模板,30,分类：其他/PHP/Mysql,https://www.huzhan.com/code/goods433756.html
易优eyoucms模版 响应式陶瓷餐具茶具类网站模板,30,分类：其他/PHP/Mysql,https://www.huzhan.com/code/goods433755.html
易优eyoucms模版 大理石厂家瓷砖销售模板,30,分类：其他/PHP/Mysql,https://www.huzhan.com/code/goods433754.html
易优eyoucms模版 响应式商业办公家具类企业网站模板,30,分类：其他/PHP/Mysql,https://www.huzhan.com/code/goods433753.html
酒游戏小程序源码摇骰子摇色子筛子喝KTV喝酒神器源码夜店小程序对接流量主,150,分类：其他/其他/无,https://www.huzhan.com/code/goods433752.html
自适应茶叶网站源码程序 PHP响应式茶叶饮料公司网站制作源码程序,30,分类：其他/PHP/Mysql,https://www.huzhan.com/code/goods433751.html
红色大气汽车出租网站源码程序 PHP汽车租赁公司网站源码模板程序,30,分类：其他/PHP/Mysql,https://www.huzhan.com/code/goods433750.html
PHP响应式餐饮美食企业网站源码 餐饮品牌连锁机构模板带后台管理,30,分类：其他/其他/Mysql,https://www.huzhan.com/code/goods433749.html
PHP绿色响应式化工燃料企业网站源码 农业肥料公司网站源码程序带后台管理,30,分类：其他/PHP/Mysql,https://www.huzhan.com/code/goods433747.html
PHP自适应铝合金门窗企业网站源码程序 建材公司网站源码程序带后台管理,30,分类：其他/PHP/Mysql,https://www.huzhan.com/code/goods433746.html
外汇MT4 MT5 官网源码 仿XM网站模板 企业官网,10000,分类：其他/PHP/无,https://www.huzhan.com/code/goods433743.html
省钱兄上门洗车小程序源码上门洗车源码同城上门洗车,6888,分类：其他/Java/Mysql,https://www.huzhan.com/code/goods433742.html
抖音快手小红书地图询盘/短视频询盘获客/抖音监控同行/抖音采集客户源码程序软,1580,分类：thinkphp/PHP/Mysql,https://www.huzhan.com/code/goods433740.html
thinkphp独立版知识付费小程序-虚拟资源交易平台,188,分类：thinkphp/PHP/Mysql,https://www.huzhan.com/code/goods433739.html
h5公众号小说漫画/音乐/漫画/视频/阅读/听书 thinkphp内核,200,分类：thinkphp/PHP/Mysql,https://www.huzhan.com/code/goods433738.html
共享健身房 共享酒店共享自习室 共享茶馆 民宿预约 线上预约 扫码开门 线上支付,4000,分类：thinkphp/PHP/Mysql,https://www.huzhan.com/code/goods433737.html
共享空间/共享茶室/共享健身房/共享单车/共享自习室新模式智慧系统,1599,分类：其他/Java/Mysql,https://www.huzhan.com/code/goods433736.html
【发送语音位置】二十国多语言多商户在线客服系统源码英文外贸客服即时通讯|带机器人,168,分类：thinkphp/PHP/Mysql,https://www.huzhan.com/code/goods433735.html

拍卖商城带直播类多商户入驻源码-支持APP小程序,98000,,https://www.huzhan.com/code/goods422170.html
手机直播平台源码，视频直播系统程序源码，小视频直播带货源码,19800,,https://www.huzhan.com/code/goods342510.html
MT4软件MT5搭建白标整套搭建出售MT5CRM系统源码出售主标小白标K线交易源码系统出售,7000,,https://www.huzhan.com/code/goods415458.html
新版一对一视频语音直播交友带朋友圈社区1v1一对多直播交友同城,4000,,https://www.huzhan.com/code/goods420231.html
【宁可】智慧警务|政务OA办公管理|大数据平台解决方案|网格化原生APP系统,68000,,https://www.huzhan.com/code/goods430896.html
一对一视频语音交友带朋友圈社区1v1一对多直播交友零售美颜,15000,,https://www.huzhan.com/code/goods424659.html
